ticker,window,from,to,id,name,pnl,returnPct,maxDrawdownPct,sharpe,trades
SPY,Development,2016-01-01,2021-01-01,sma,SMA crossover,80697.187930871,80.69718793087101,11.884460604328714,1.1507459756845497,11
SPY,Development,2016-01-01,2021-01-01,rsi,RSI threshold,35693.60553445431,35.69360553445431,27.411770760284572,0.4785543086484416,6
SPY,Development,2016-01-01,2021-01-01,donchian,Donchian breakout,64466.29164610137,64.46629164610137,7.3448141379851215,1.1792877153772259,21
SPY,Development,2016-01-01,2021-01-01,sma200,Price above SMA 200,54537.83851312118,54.53783851312118,18.939782841384744,0.8046440605823669,12
SPY,Development,2016-01-01,2021-01-01,ema,EMA crossover,34438.032571985794,34.438032571985794,17.043325559419895,0.6306134946596268,21
SPY,Development,2016-01-01,2021-01-01,macd,MACD signal crossover,49910.014422855165,49.91001442285516,11.911520262503643,0.8782899651659065,50
SPY,Development,2016-01-01,2021-01-01,adx,ADX directional trend,2132.0276867593493,2.1320276867593493,6.864555463758597,0.11202916239755041,9
SPY,Development,2016-01-01,2021-01-01,ichimoku,Ichimoku conversion / base,32712.668976932706,32.712668976932704,17.133591457167206,0.5760895338877179,23
SPY,Development,2016-01-01,2021-01-01,supertrend,Supertrend reversal,43555.89368591731,43.55589368591731,14.211037179894678,0.7722423419359502,21
SPY,Development,2016-01-01,2021-01-01,psar,Parabolic SAR reversal,55157.569272593886,55.15756927259389,12.832072967891007,0.8807254634409397,59
SPY,Development,2016-01-01,2021-01-01,bb-breakout,Bollinger momentum breakout,7435.420272673859,7.435420272673858,8.385811417517406,0.28529395830833376,22
SPY,Development,2016-01-01,2021-01-01,bb-reversion,Bollinger mean reversion,17112.272853126255,17.112272853126253,27.77207726302107,0.2972739588574722,20
SPY,Development,2016-01-01,2021-01-01,connors,Connors RSI 4 pullback,5866.725164463991,5.866725164463991,12.601177886558112,0.1824632676328715,40
SPY,Development,2016-01-01,2021-01-01,stochastic,Stochastic oversold recovery,14179.39490894314,14.179394908943141,26.916220757492493,0.265996492934698,19
SPY,Development,2016-01-01,2021-01-01,cci,CCI trend impulse,50785.45387324551,50.78545387324551,12.639195259901864,1.011791704645218,32
SPY,Development,2016-01-01,2021-01-01,williams,Williams R recovery,28609.086981254397,28.609086981254396,26.96494664776004,0.4273093195051456,28
SPY,Development,2016-01-01,2021-01-01,roc,Rate-of-change momentum,36490.49833504192,36.49049833504192,19.054217161127912,0.6321335804383504,25
SPY,Development,2016-01-01,2021-01-01,cmf,Chaikin money flow trend,10687.078108907765,10.687078108907764,12.957384145059667,0.27487027856917484,52
SPY,Development,2016-01-01,2021-01-01,mfi,Money flow oversold,44697.22116959508,44.69722116959508,27.00612711557044,0.5639615625466181,4
SPY,Development,2016-01-01,2021-01-01,keltner,Keltner channel breakout,15296.572695463634,15.296572695463635,10.239319619363908,0.49991849322894144,20
SPY,Development,2016-01-01,2021-01-01,aroon,Aroon trend switch,42765.75777032657,42.76575777032657,15.199908050239106,0.7594245068980116,19
SPY,Development,2016-01-01,2021-01-01,tsi,True strength momentum,39881.40550992568,39.88140550992568,13.684424001769763,0.711135576273128,19
SPY,Development,2016-01-01,2021-01-01,ultimate,Ultimate oscillator recovery,4355.230844412683,4.355230844412683,29.299858837064548,0.13123605701662694,4
SPY,Development,2016-01-01,2021-01-01,stochrsi,Stochastic RSI pullback,24220.497937750697,24.220497937750697,10.887224397789417,0.689785836494023,36
SPY,Development,2016-01-01,2021-01-01,buy-hold,Buy and hold (95%),99732.50281877196,99.73250281877196,32.77101823883375,0.8535549933047526,1
SPY,Later sample,2021-01-01,2026-01-01,sma,SMA crossover,11816.416139923123,11.816416139923124,27.290238193319627,0.273556855633028,11
SPY,Later sample,2021-01-01,2026-01-01,rsi,RSI threshold,37478.145197610196,37.478145197610196,19.597688483279196,0.5624908590900217,4
SPY,Later sample,2021-01-01,2026-01-01,donchian,Donchian breakout,29739.93912660086,29.73993912660086,8.758278034641354,0.6115262763293762,27
SPY,Later sample,2021-01-01,2026-01-01,sma200,Price above SMA 200,65944.13647179402,65.94413647179401,19.525515746547423,0.974323632239297,15
SPY,Later sample,2021-01-01,2026-01-01,ema,EMA crossover,62169.75000987493,62.16975000987493,12.058145653848722,0.9952896010314934,15
SPY,Later sample,2021-01-01,2026-01-01,macd,MACD signal crossover,4970.322590655051,4.9703225906550506,15.258582841001935,0.14760621858842093,58
SPY,Later sample,2021-01-01,2026-01-01,adx,ADX directional trend,18580.19308920442,18.580193089204418,6.90514410229898,0.7974534643387206,9
SPY,Later sample,2021-01-01,2026-01-01,ichimoku,Ichimoku conversion / base,49860.80692781121,49.86080692781121,19.941691376147443,0.8229264927426011,20
SPY,Later sample,2021-01-01,2026-01-01,supertrend,Supertrend reversal,36885.058978232206,36.88505897823221,15.608623175988704,0.6842146730188448,22
SPY,Later sample,2021-01-01,2026-01-01,psar,Parabolic SAR reversal,952.2762602172006,0.9522762602172006,26.483705799079267,0.07053507958757076,64
SPY,Later sample,2021-01-01,2026-01-01,bb-breakout,Bollinger momentum breakout,9147.610281975169,9.147610281975169,8.185242873939034,0.2814600475961365,25
SPY,Later sample,2021-01-01,2026-01-01,bb-reversion,Bollinger mean reversion,34567.578458967124,34.56757845896713,8.77308185648765,0.6089491976516473,23
SPY,Later sample,2021-01-01,2026-01-01,connors,Connors RSI 4 pullback,29611.3088173922,29.6113088173922,8.071754940148287,0.8570621382975628,41
SPY,Later sample,2021-01-01,2026-01-01,stochastic,Stochastic oversold recovery,-5459.655428495127,-5.459655428495127,21.58828566525182,-0.041845902238696324,21
SPY,Later sample,2021-01-01,2026-01-01,cci,CCI trend impulse,24609.734604137964,24.609734604137966,13.54277635398062,0.5521508083102921,35
SPY,Later sample,2021-01-01,2026-01-01,williams,Williams R recovery,13292.730106437317,13.292730106437316,17.852949273271303,0.27300383329291367,31
SPY,Later sample,2021-01-01,2026-01-01,roc,Rate-of-change momentum,54564.73776949913,54.56473776949913,27.13569014179038,0.8614977876884813,21
SPY,Later sample,2021-01-01,2026-01-01,cmf,Chaikin money flow trend,41332.25651361709,41.33225651361709,12.309680835713714,0.7738052121952166,47
SPY,Later sample,2021-01-01,2026-01-01,mfi,Money flow oversold,56878.4927095508,56.878492709550805,19.59549945783988,0.7519411814205349,5
SPY,Later sample,2021-01-01,2026-01-01,keltner,Keltner channel breakout,-1728.5831187549775,-1.7285831187549774,13.10752406364715,-0.017180291117335256,27
SPY,Later sample,2021-01-01,2026-01-01,aroon,Aroon trend switch,48656.523863246315,48.65652386324631,14.793515759817174,0.8499182001548438,17
SPY,Later sample,2021-01-01,2026-01-01,tsi,True strength momentum,48450.31897473117,48.45031897473117,11.817874545244337,0.8625190271770372,14
SPY,Later sample,2021-01-01,2026-01-01,ultimate,Ultimate oscillator recovery,25281.43252956969,25.281432529569692,8.59570324101252,0.7978307428033492,6
SPY,Later sample,2021-01-01,2026-01-01,stochrsi,Stochastic RSI pullback,23200.069459524675,23.200069459524673,17.538478463221466,0.6331020921097535,32
SPY,Later sample,2021-01-01,2026-01-01,buy-hold,Buy and hold (95%),89541.8801181982,89.5418801181982,23.53505563864483,0.8637232157024476,1
QQQ,Development,2016-01-01,2021-01-01,sma,SMA crossover,102323.231174254,102.323231174254,17.575813948804463,1.0212134393475094,11
QQQ,Development,2016-01-01,2021-01-01,rsi,RSI threshold,81030.21860666497,81.03021860666497,21.391834613609724,0.8159930331951339,6
QQQ,Development,2016-01-01,2021-01-01,donchian,Donchian breakout,58948.741416940175,58.94874141694017,14.215832968908545,0.9279235843497351,24
QQQ,Development,2016-01-01,2021-01-01,sma200,Price above SMA 200,91758.10155950213,91.75810155950214,22.438547272160402,0.8738177193233964,17
QQQ,Development,2016-01-01,2021-01-01,ema,EMA crossover,93547.28490905714,93.54728490905714,17.058551992136266,1.0786539551152101,16
QQQ,Development,2016-01-01,2021-01-01,macd,MACD signal crossover,47624.693486151344,47.624693486151344,19.4690945603298,0.7002123319430973,53
QQQ,Development,2016-01-01,2021-01-01,adx,ADX directional trend,12007.189469588528,12.007189469588528,11.68839767657749,0.406709228728805,7
QQQ,Development,2016-01-01,2021-01-01,ichimoku,Ichimoku conversion / base,82319.90882188946,82.31990882188946,17.536466021597626,0.9304787114292805,21
QQQ,Development,2016-01-01,2021-01-01,supertrend,Supertrend reversal,67248.760771903,67.24876077190301,19.587207270591126,0.9493919785367724,22
QQQ,Development,2016-01-01,2021-01-01,psar,Parabolic SAR reversal,51952.31926364137,51.95231926364137,15.621050035591027,0.7016706006397282,62
QQQ,Development,2016-01-01,2021-01-01,bb-breakout,Bollinger momentum breakout,18436.655187546305,18.436655187546304,14.026163474084164,0.4245314657961612,23
QQQ,Development,2016-01-01,2021-01-01,bb-reversion,Bollinger mean reversion,32179.10418241832,32.17910418241832,21.303150705156014,0.4513755068191357,20
QQQ,Development,2016-01-01,2021-01-01,connors,Connors RSI 4 pullback,7652.668043028505,7.6526680430285055,10.919313236127943,0.1969856847442665,39
QQQ,Development,2016-01-01,2021-01-01,stochastic,Stochastic oversold recovery,20100.713040771487,20.10071304077149,21.301195879251672,0.335166475365187,16
QQQ,Development,2016-01-01,2021-01-01,cci,CCI trend impulse,56608.592095688626,56.60859209568863,13.468626196007822,0.8783159236677469,35
QQQ,Development,2016-01-01,2021-01-01,williams,Williams R recovery,25790.416876136514,25.790416876136515,21.301195875053498,0.38035154948899147,29
QQQ,Development,2016-01-01,2021-01-01,roc,Rate-of-change momentum,63333.501485977584,63.333501485977585,17.55268796492826,0.7451706692235532,24
QQQ,Development,2016-01-01,2021-01-01,cmf,Chaikin money flow trend,60625.2266842972,60.6252266842972,19.169042417123507,0.8700339247176035,51
QQQ,Development,2016-01-01,2021-01-01,mfi,Money flow oversold,101255.67601210598,101.25567601210598,21.832483674049314,0.9021863275148494,7
QQQ,Development,2016-01-01,2021-01-01,keltner,Keltner channel breakout,-1090.933405842894,-1.0909334058428939,18.71518533431042,0.016860947500666097,27
QQQ,Development,2016-01-01,2021-01-01,aroon,Aroon trend switch,96982.86496928864,96.98286496928864,17.83121282864392,1.1780339777854802,20
QQQ,Development,2016-01-01,2021-01-01,tsi,True strength momentum,85984.81340459958,85.98481340459958,18.231970667718116,1.0137785127257377,16
QQQ,Development,2016-01-01,2021-01-01,ultimate,Ultimate oscillator recovery,40880.74788650847,40.88074788650847,21.34148843095243,0.5466051991428376,5
QQQ,Development,2016-01-01,2021-01-01,stochrsi,Stochastic RSI pullback,34866.59754209861,34.86659754209861,11.66562932766542,0.7680892595379144,37
QQQ,Development,2016-01-01,2021-01-01,buy-hold,Buy and hold (95%),188559.67579968914,188.55967579968913,27.904880598603853,1.1023498901460418,1
QQQ,Later sample,2021-01-01,2026-01-01,sma,SMA crossover,30272.115430058766,30.272115430058765,29.024157218682127,0.4507048369560616,12
QQQ,Later sample,2021-01-01,2026-01-01,rsi,RSI threshold,14447.72470738276,14.44772470738276,28.179940554490223,0.24900140269791615,4
QQQ,Later sample,2021-01-01,2026-01-01,donchian,Donchian breakout,47552.05602164456,47.55205602164456,15.18771753875227,0.7182887352239161,23
QQQ,Later sample,2021-01-01,2026-01-01,sma200,Price above SMA 200,93277.03494482965,93.27703494482965,20.928661160991663,0.9614294707161611,10
QQQ,Later sample,2021-01-01,2026-01-01,ema,EMA crossover,40732.5078166661,40.7325078166661,24.089123052148533,0.5773722318761789,19
QQQ,Later sample,2021-01-01,2026-01-01,macd,MACD signal crossover,10441.388797858104,10.441388797858105,24.227985980258463,0.21611724755877257,47
QQQ,Later sample,2021-01-01,2026-01-01,adx,ADX directional trend,10610.82455998371,10.61082455998371,5.582366234954502,0.4714624373321603,7
QQQ,Later sample,2021-01-01,2026-01-01,ichimoku,Ichimoku conversion / base,63559.33715858747,63.55933715858747,22.427309761920807,0.7800515034294252,20
QQQ,Later sample,2021-01-01,2026-01-01,supertrend,Supertrend reversal,51091.78781978437,51.091787819784365,15.20466527308363,0.7260516589870304,19
QQQ,Later sample,2021-01-01,2026-01-01,psar,Parabolic SAR reversal,2668.618904587609,2.668618904587609,37.89088349297547,0.10878707216777392,62
QQQ,Later sample,2021-01-01,2026-01-01,bb-breakout,Bollinger momentum breakout,12253.741341983172,12.253741341983172,9.470671768555885,0.299215165436337,23
QQQ,Later sample,2021-01-01,2026-01-01,bb-reversion,Bollinger mean reversion,10892.442980483,10.892442980483,15.157041064273796,0.21781689595608442,19
QQQ,Later sample,2021-01-01,2026-01-01,connors,Connors RSI 4 pullback,42888.77733563783,42.88877733563783,11.349774001845153,0.8386299838187926,42
QQQ,Later sample,2021-01-01,2026-01-01,stochastic,Stochastic oversold recovery,10721.532894553966,10.721532894553967,23.62507433819017,0.21439638667219843,24
QQQ,Later sample,2021-01-01,2026-01-01,cci,CCI trend impulse,17367.382011267662,17.36738201126766,20.139644032490324,0.32657879782072186,37
QQQ,Later sample,2021-01-01,2026-01-01,williams,Williams R recovery,11814.222487793057,11.814222487793057,27.240291105566133,0.21999581235832366,35
QQQ,Later sample,2021-01-01,2026-01-01,roc,Rate-of-change momentum,56105.740296190605,56.1057402961906,21.004525686793702,0.68519733597669,22
QQQ,Later sample,2021-01-01,2026-01-01,cmf,Chaikin money flow trend,34887.395654405875,34.88739565440587,20.450389401123147,0.5324737821654826,49
QQQ,Later sample,2021-01-01,2026-01-01,mfi,Money flow oversold,39374.47712738844,39.37447712738844,28.240550208067113,0.46028238987581316,3
QQQ,Later sample,2021-01-01,2026-01-01,keltner,Keltner channel breakout,17719.770253829352,17.719770253829353,10.945182541081023,0.40451989033132174,22
QQQ,Later sample,2021-01-01,2026-01-01,aroon,Aroon trend switch,64344.42233710992,64.34442233710992,21.279913415580296,0.7976459673325043,18
QQQ,Later sample,2021-01-01,2026-01-01,tsi,True strength momentum,36219.67308194633,36.219673081946326,25.977543123068713,0.5252730733510712,19
QQQ,Later sample,2021-01-01,2026-01-01,ultimate,Ultimate oscillator recovery,16107.230615121516,16.107230615121516,13.010829382867541,0.44955573159642154,4
QQQ,Later sample,2021-01-01,2026-01-01,stochrsi,Stochastic RSI pullback,23542.878223534703,23.542878223534704,13.09584881309174,0.528245416808683,27
QQQ,Later sample,2021-01-01,2026-01-01,buy-hold,Buy and hold (95%),95465.82090400581,95.46582090400581,33.7372383462732,0.7287934776734208,1
GLD,Development,2016-01-01,2021-01-01,sma,SMA crossover,37988.819631744525,37.988819631744526,11.955722979016423,0.6507147781621447,13
GLD,Development,2016-01-01,2021-01-01,rsi,RSI threshold,11459.05562315107,11.459055623151071,13.036947025285977,0.477043688166982,4
GLD,Development,2016-01-01,2021-01-01,donchian,Donchian breakout,20713.98319041387,20.71398319041387,13.02996023603046,0.43033613477223326,19
GLD,Development,2016-01-01,2021-01-01,sma200,Price above SMA 200,31576.413470332336,31.576413470332337,14.577143589028003,0.519974486651145,16
GLD,Development,2016-01-01,2021-01-01,ema,EMA crossover,38715.01678610372,38.71501678610372,12.696659414943667,0.658119565522847,21
GLD,Development,2016-01-01,2021-01-01,macd,MACD signal crossover,-4575.42239231561,-4.57542239231561,16.349688267673947,-0.05796827569345324,55
GLD,Development,2016-01-01,2021-01-01,adx,ADX directional trend,-21.265003229680588,-0.021265003229680588,8.405970383517309,0.02049703902659349,4
GLD,Development,2016-01-01,2021-01-01,ichimoku,Ichimoku conversion / base,41812.10086012582,41.812100860125824,13.040728499012957,0.7177469948718124,28
GLD,Development,2016-01-01,2021-01-01,supertrend,Supertrend reversal,32334.085213862505,32.33408521386251,13.548664407203256,0.5780274408184098,22
GLD,Development,2016-01-01,2021-01-01,psar,Parabolic SAR reversal,18070.266260921955,18.070266260921954,14.83447050457691,0.3870400983811425,54
GLD,Development,2016-01-01,2021-01-01,bb-breakout,Bollinger momentum breakout,17161.473861448772,17.161473861448773,13.08833870086025,0.4507113877678911,22
GLD,Development,2016-01-01,2021-01-01,bb-reversion,Bollinger mean reversion,22418.645192416807,22.418645192416808,9.648242968394953,0.7395557873477863,19
GLD,Development,2016-01-01,2021-01-01,connors,Connors RSI 4 pullback,9394.950294283728,9.394950294283728,8.223301700342544,0.3145251427225603,36
GLD,Development,2016-01-01,2021-01-01,stochastic,Stochastic oversold recovery,7.618512922243099,0.007618512922243099,13.217607920499225,0.037519770536197566,21
GLD,Development,2016-01-01,2021-01-01,cci,CCI trend impulse,22499.364918881285,22.499364918881284,13.330053526354908,0.4833475951031019,36
GLD,Development,2016-01-01,2021-01-01,williams,Williams R recovery,18959.272698636065,18.959272698636063,11.5144044987829,0.5181540467582361,30
GLD,Development,2016-01-01,2021-01-01,roc,Rate-of-change momentum,51999.818150015984,51.99981815001598,11.959723914072027,0.7857555332773511,22
GLD,Development,2016-01-01,2021-01-01,cmf,Chaikin money flow trend,34733.646315278515,34.73364631527851,14.018439530256085,0.7005347029110435,50
GLD,Development,2016-01-01,2021-01-01,mfi,Money flow oversold,-292.7652666069189,-0.2927652666069189,13.045407901779015,-0.0007658331762730933,1
GLD,Development,2016-01-01,2021-01-01,keltner,Keltner channel breakout,11984.273126376764,11.984273126376763,15.10259954728165,0.3240398630296492,21
GLD,Development,2016-01-01,2021-01-01,aroon,Aroon trend switch,18671.88798264187,18.67188798264187,17.732427863709546,0.3738113281764904,25
GLD,Development,2016-01-01,2021-01-01,tsi,True strength momentum,36334.84711466887,36.33484711466887,12.696122158494639,0.6288447791001723,20
GLD,Development,2016-01-01,2021-01-01,ultimate,Ultimate oscillator recovery,8928.189123131931,8.928189123131931,16.420503185470167,0.2945704059943642,6
GLD,Development,2016-01-01,2021-01-01,stochrsi,Stochastic RSI pullback,-16375.602325224609,-16.37560232522461,17.004424660928333,-0.47964187851794526,28
GLD,Development,2016-01-01,2021-01-01,buy-hold,Buy and hold (95%),68971.16233038137,68.97116233038138,17.049974616648267,0.8517972515919494,1
GLD,Later sample,2021-01-01,2026-01-01,sma,SMA crossover,62934.98051048911,62.93498051048911,12.012043755159292,0.8528887708511309,15
GLD,Later sample,2021-01-01,2026-01-01,rsi,RSI threshold,14514.616915362276,14.514616915362275,12.708980117941135,0.44475759828404265,4
GLD,Later sample,2021-01-01,2026-01-01,donchian,Donchian breakout,13207.617876856297,13.207617876856297,13.332870444375597,0.28582145662458747,28
GLD,Later sample,2021-01-01,2026-01-01,sma200,Price above SMA 200,65163.43639536618,65.16343639536618,24.368282386686833,0.8295951188221801,29
GLD,Later sample,2021-01-01,2026-01-01,ema,EMA crossover,72441.9537514919,72.44195375149191,13.303569509273494,0.9371333817611872,21
GLD,Later sample,2021-01-01,2026-01-01,macd,MACD signal crossover,40619.14392711586,40.61914392711586,12.669569442708523,0.676829904554013,51
GLD,Later sample,2021-01-01,2026-01-01,adx,ADX directional trend,-1615.2902999181388,-1.6152902999181387,6.552954193004368,-0.055169386696067524,5
GLD,Later sample,2021-01-01,2026-01-01,ichimoku,Ichimoku conversion / base,34435.86338977248,34.43586338977248,19.305253549029835,0.5566987923512287,32
GLD,Later sample,2021-01-01,2026-01-01,supertrend,Supertrend reversal,36023.02319780612,36.02302319780612,17.757615848381374,0.5943443509480123,25
GLD,Later sample,2021-01-01,2026-01-01,psar,Parabolic SAR reversal,67519.91489370551,67.51991489370552,11.832738033423361,0.9690541528862244,50
GLD,Later sample,2021-01-01,2026-01-01,bb-breakout,Bollinger momentum breakout,12736.797755084204,12.736797755084204,13.017857524760018,0.2892673782096968,29
GLD,Later sample,2021-01-01,2026-01-01,bb-reversion,Bollinger mean reversion,17018.814046913132,17.018814046913132,8.115794994867134,0.5853479687784783,21
GLD,Later sample,2021-01-01,2026-01-01,connors,Connors RSI 4 pullback,26314.575284456863,26.314575284456865,9.436322721347876,0.8248276190987661,34
GLD,Later sample,2021-01-01,2026-01-01,stochastic,Stochastic oversold recovery,19716.601960439395,19.716601960439395,13.34727587237079,0.48357739190353155,28
GLD,Later sample,2021-01-01,2026-01-01,cci,CCI trend impulse,22373.89389317842,22.373893893178423,17.588754428922822,0.4280166717280468,36
GLD,Later sample,2021-01-01,2026-01-01,williams,Williams R recovery,25357.831842048065,25.357831842048064,12.3837612580005,0.5915675371280789,37
GLD,Later sample,2021-01-01,2026-01-01,roc,Rate-of-change momentum,78621.1083704028,78.6211083704028,17.83185910239075,0.9629877867568454,18
GLD,Later sample,2021-01-01,2026-01-01,cmf,Chaikin money flow trend,36447.452653575834,36.44745265357584,15.920912243794493,0.5783627562167251,52
GLD,Later sample,2021-01-01,2026-01-01,mfi,Money flow oversold,30816.586994684345,30.816586994684346,9.431861521035271,0.8551111729843591,3
GLD,Later sample,2021-01-01,2026-01-01,keltner,Keltner channel breakout,23168.941751107268,23.16894175110727,13.465335448753798,0.47095178840743257,22
GLD,Later sample,2021-01-01,2026-01-01,aroon,Aroon trend switch,41341.65440268308,41.34165440268308,19.17893731844144,0.6356694256229976,28
GLD,Later sample,2021-01-01,2026-01-01,tsi,True strength momentum,76702.58116520022,76.70258116520021,11.201192992354656,0.9775687953617549,20
GLD,Later sample,2021-01-01,2026-01-01,ultimate,Ultimate oscillator recovery,9286.289582863028,9.286289582863027,12.7055931630929,0.30684330653318875,4
GLD,Later sample,2021-01-01,2026-01-01,stochrsi,Stochastic RSI pullback,18824.819384173228,18.824819384173228,8.861606049444767,0.5977984689324074,31
GLD,Later sample,2021-01-01,2026-01-01,buy-hold,Buy and hold (95%),111485.82651446841,111.48582651446841,20.030139798320306,1.081456390103607,1
